"USR03:0","USR03:1","USR03:2","Points:0","Points:1","Points:2"
1.49035e+02,4.79349e+02,7.62526e+03,3.59823e-05,-4.27485e-04,0.00000e+00
