"var1","SR04method1:0","SR04method1:1","SR04method1:2","var2","ur","uz","Points:0","Points:1","Points:2"
4.77454556e+01,-1.38028440e+01,2.99299234e+01,8.99319905e+00,-1.74965297e+01,1.94123312e+01,8.99319905e+00,1.82642150e+00,2.07001328e+00,0.00000000e+00
