"var1","SR04method1:0","SR04method1:1","SR04method1:2","var2","ur","uz","Points:0","Points:1","Points:2"
4.11435430e+02,-2.96750257e+01,6.26806094e+01,4.82266758e+01,-4.12844410e+01,5.43895493e+01,4.82266758e+01,1.77184153e+00,2.09180093e+00,0.00000000e+00
