"var1","SR04method1:0","SR04method1:1","SR04method1:2","var2","ur","uz","Points:0","Points:1","Points:2"
1.25438229e+06,1.08756676e+02,-1.58393015e+02,9.51963986e+03,5.11750818e+04,2.67302643e+03,9.51963986e+03,1.28286672e+00,1.24288678e+00,0.00000000e+00
