"var1","SR04method1:0","SR04method1:1","SR04method1:2","var2","ur","uz","Points:0","Points:1","Points:2"
8.75213188e+02,-3.88273325e+01,7.88814887e+01,8.21400599e+01,-5.06836756e+01,7.74491642e+01,8.21400599e+01,1.72235334e+00,2.09333324e+00,0.00000000e+00
