"var1","SR05method1:0","SR05method1:1","SR05method1:2","var2","ur","uz","Points:0","Points:1","Points:2"
1.76656664e+06,3.66474948e+02,-5.90215368e+02,1.00865887e+04,4.95337195e+04,2.76054408e+03,1.00865887e+04,4.83649111e+00,6.61136866e-01,0.00000000e+00
