"var1","SR03method2:0","SR03method2:1","SR03method2:2","var2","ur","uz","Points:0","Points:1","Points:2"
9.46362675e+05,-3.37382349e+01,-1.73427781e+02,9.24935361e+03,5.08955778e+04,2.03223116e+03,9.24935361e+03,-8.17862868e-01,1.82489663e-01,0.00000000e+00
