"var1","SR03method2:0","SR03method2:1","SR03method2:2","var2","ur","uz","Points:0","Points:1","Points:2"
1.45749563e+00,-4.36240254e-02,5.97264510e-01,2.37109446e+00,3.15034075e+00,5.15993181e-01,2.37109446e+00,1.20329785e+00,1.54008496e+00,0.00000000e+00
