"var1","SR03method2:0","SR03method2:1","SR03method2:2","var2","ur","uz","Points:0","Points:1","Points:2"
9.81389533e+00,-8.22307112e-01,2.43526860e+00,1.04702947e+01,1.42799985e+01,2.26107239e+00,1.04702947e+01,9.93801415e-01,1.68020868e+00,0.00000000e+00
