"var1","SR03method2:0","SR03method2:1","SR03method2:2","var2","ur","uz","Points:0","Points:1","Points:2"
9.39385915e+05,-1.71615244e+01,-2.11651214e+02,8.98674632e+03,5.05445472e+04,2.06273557e+03,8.98674632e+03,-9.97419477e-01,4.04862724e-02,0.00000000e+00
