"var1","SR05method1:0","SR05method1:1","SR05method1:2","var2","ur","uz","Points:0","Points:1","Points:2"
1.75725883e+06,7.28482849e+02,-4.49894106e+02,9.93274738e+03,4.76482276e+04,2.33383944e+03,9.93274738e+03,1.05454952e-01,1.03355764e-04,0.00000000e+00
