"var1","SR03method1:0","SR03method1:1","SR03method1:2","var2","ur","uz","Points:0","Points:1","Points:2"
0.00000000e+00,0.00000000e+00,0.00000000e+00,0.00000000e+00,0.00000000e+00,0.00000000e+00,0.00000000e+00,0.00000000e+00,0.00000000e+00,0.00000000e+00
