"var1","SR03method1:0","SR03method1:1","SR03method1:2","var2","ur","uz","Points:0","Points:1","Points:2"
9.86943772e-01,-4.36240532e-02,5.97264500e-01,2.37109451e+00,3.14496381e+00,5.16682485e-01,2.37109451e+00,6.80259764e-01,7.88773954e-01,0.00000000e+00
