"var1","SR03method1:0","SR03method1:1","SR03method1:2","var2","ur","uz","Points:0","Points:1","Points:2"
7.12887941e+00,-8.22307999e-01,2.43526878e+00,1.04702961e+01,1.42937833e+01,2.50564478e+00,1.04702961e+01,4.70762998e-01,9.28897917e-01,0.00000000e+00
