"var1","SR03method1:0","SR03method1:1","SR03method1:2","var2","ur","uz","Points:0","Points:1","Points:2"
1.74406207e+01,-1.19141660e+00,4.21533804e+00,1.88443519e+01,2.65378905e+01,4.88726764e+00,1.88443519e+01,4.88038123e-01,8.77221644e-01,0.00000000e+00
